"","Dyad1","Dyad2","LHSDomain","RHSDomain","TrajectoryType","ParamType","est.std","pvalue","ci.lower","ci.upper","Significant"
"1","Child","Mom","Extraversion","Extraversion","Full","Slope-Slope",0.0120790037928482,0.903245102040152,-0.182671113605005,0.206829121190701,FALSE
"2","Child","Dad","Extraversion","Extraversion","Full","Slope-Slope",-0.125509002943092,0.344886939999841,-0.385942274350561,0.134924268464377,FALSE
"3","Mom","Dad","Extraversion","Extraversion","Full","Slope-Slope",0.385783464363176,0.0192777809051383,0.0626704727163683,0.708896456009984,TRUE
"4","Child","Mom","Extraversion","Agreeableness","Full","Slope-Slope",0.219290266651914,0.0560517769607349,-0.00566191080805042,0.444242444111878,FALSE
"5","Child","Dad","Extraversion","Agreeableness","Full","Slope-Slope",-0.202328545579623,0.24430864422117,-0.542929648934322,0.138272557775077,FALSE
"6","Mom","Dad","Extraversion","Agreeableness","Full","Slope-Slope",0.46477816278505,0.0492652454242495,0.00149504687356489,0.928061278696535,TRUE
"7","Child","Mom","Extraversion","Conscientiousness","Full","Slope-Slope",0.00193823237262158,0.987156274469763,-0.234046671778,0.237923136523243,FALSE
"8","Child","Dad","Extraversion","Conscientiousness","Full","Slope-Slope",0.348568107320169,0.0486339270370619,0.00209004624106035,0.695046168399278,TRUE
"9","Mom","Dad","Extraversion","Conscientiousness","Full","Slope-Slope",0.189949216944063,0.328613117689081,-0.191143378796402,0.571041812684529,FALSE
"10","Child","Mom","Extraversion","Neuroticism","Full","Slope-Slope",-0.177312912809734,0.138895980134691,-0.412141916750719,0.0575160911312506,FALSE
"11","Child","Dad","Extraversion","Neuroticism","Full","Slope-Slope",0.119642470120975,0.442616609443486,-0.185776100159282,0.425061040401233,FALSE
"12","Mom","Dad","Extraversion","Neuroticism","Full","Slope-Slope",-0.325225904325328,0.110128118963997,-0.724214423611111,0.0737626149604546,FALSE
"13","Child","Mom","Extraversion","Opennesss","Full","Slope-Slope",-0.229386674492153,0.0180514801788632,-0.41952333047267,-0.0392500185116355,TRUE
"14","Child","Dad","Extraversion","Opennesss","Full","Slope-Slope",-0.000536598011533505,0.997161274515588,-0.296142362384768,0.295069166361701,FALSE
"15","Mom","Dad","Extraversion","Opennesss","Full","Slope-Slope",0.104539759408897,0.606660059424407,-0.293431350167928,0.502510868985722,FALSE
"16","Child","Mom","Agreeableness","Extraversion","Full","Slope-Slope",-0.184599331205845,0.155639967651006,-0.439413625451465,0.0702149630397746,FALSE
"17","Child","Dad","Agreeableness","Extraversion","Full","Slope-Slope",0.0481578864922521,0.787683025704162,-0.302308224893988,0.398623997878492,FALSE
"18","Mom","Dad","Agreeableness","Extraversion","Full","Slope-Slope",0.526855929209343,0.00477762275718474,0.160894155043585,0.8928177033751,TRUE
"19","Child","Mom","Agreeableness","Agreeableness","Full","Slope-Slope",0.0877166486751916,0.585818073681545,-0.227789931023498,0.403223228373881,FALSE
"20","Child","Dad","Agreeableness","Agreeableness","Full","Slope-Slope",-0.117241870622647,0.597802343831243,-0.552810008371208,0.318326267125914,FALSE
"21","Mom","Dad","Agreeableness","Agreeableness","Full","Slope-Slope",0.884783339816347,0.00615753574869227,0.251716119027699,1.517850560605,TRUE
"22","Child","Mom","Agreeableness","Conscientiousness","Full","Slope-Slope",0.00619948475526894,0.967731571032572,-0.294164244145114,0.306563213655652,FALSE
"23","Child","Dad","Agreeableness","Conscientiousness","Full","Slope-Slope",-0.0172824090077149,0.936011253395885,-0.43919499826536,0.40463018024993,FALSE
"24","Mom","Dad","Agreeableness","Conscientiousness","Full","Slope-Slope",0.478519179412325,0.0321293103936242,0.0408296284733718,0.916208730351278,TRUE
"25","Child","Mom","Agreeableness","Neuroticism","Full","Slope-Slope",-0.302168514077862,0.0821624185286467,-0.642873811071212,0.0385367829154875,FALSE
"26","Child","Dad","Agreeableness","Neuroticism","Full","Slope-Slope",0.0670138723767405,0.742652272298327,-0.333009100413443,0.467036845166924,FALSE
"27","Mom","Dad","Agreeableness","Neuroticism","Full","Slope-Slope",-0.451277662022368,0.0200094242439157,-0.831511068314888,-0.0710442557298472,TRUE
"28","Child","Mom","Agreeableness","Opennesss","Full","Slope-Slope",-0.126213790888517,0.318892444630715,-0.374398233879542,0.121970652102508,FALSE
"29","Child","Dad","Agreeableness","Opennesss","Full","Slope-Slope",0.234429679143003,0.241290747940861,-0.157690817286883,0.626550175572889,FALSE
"30","Mom","Dad","Agreeableness","Opennesss","Full","Slope-Slope",0.659814677345625,0.00822518771938907,0.170458689507239,1.14917066518401,TRUE
"31","Child","Mom","Conscientiousness","Extraversion","Full","Slope-Slope",-0.113332172121387,0.325935024691866,-0.33945367015234,0.112789325909566,FALSE
"32","Child","Dad","Conscientiousness","Extraversion","Full","Slope-Slope",-0.344834222657576,0.0302707114373213,-0.656790513653458,-0.0328779316616944,TRUE
"33","Mom","Dad","Conscientiousness","Extraversion","Full","Slope-Slope",0.200567793565836,0.277717196130685,-0.161587438557738,0.562723025689411,FALSE
"34","Child","Mom","Conscientiousness","Agreeableness","Full","Slope-Slope",0.219464525735192,0.0845123418210543,-0.0298813467075877,0.468810398177972,FALSE
"35","Child","Dad","Conscientiousness","Agreeableness","Full","Slope-Slope",-0.528994647653059,0.0116052347741515,-0.939787376266216,-0.118201919039902,TRUE
"36","Mom","Dad","Conscientiousness","Agreeableness","Full","Slope-Slope",0.451741341728201,0.112551486116697,-0.106224906885809,1.00970759034221,FALSE
"37","Child","Mom","Conscientiousness","Conscientiousness","Full","Slope-Slope",0.0676011483838709,0.577220838814926,-0.170081341373482,0.305283638141224,FALSE
"38","Child","Dad","Conscientiousness","Conscientiousness","Full","Slope-Slope",-0.267491255624394,0.12851461793922,-0.612411141005066,0.0774286297562773,FALSE
"39","Mom","Dad","Conscientiousness","Conscientiousness","Full","Slope-Slope",0.0492839310695265,0.835533627390112,-0.415986568541186,0.514554430680239,FALSE
"40","Child","Mom","Conscientiousness","Neuroticism","Full","Slope-Slope",-0.0351139810311521,0.785750792702903,-0.288292431054603,0.218064468992299,FALSE
"41","Child","Dad","Conscientiousness","Neuroticism","Full","Slope-Slope",0.322655993806392,0.0739500108950946,-0.031245262365854,0.676557249978638,FALSE
"42","Mom","Dad","Conscientiousness","Neuroticism","Full","Slope-Slope",-0.310685441803142,0.123160139795704,-0.705674360811815,0.0843034772055308,FALSE
"43","Child","Mom","Conscientiousness","Opennesss","Full","Slope-Slope",-0.105818940518074,0.369623559815902,-0.336989506948899,0.125351625912751,FALSE
"44","Child","Dad","Conscientiousness","Opennesss","Full","Slope-Slope",-0.0955178004172882,0.595536329055103,-0.448194394467812,0.257158793633236,FALSE
"45","Mom","Dad","Conscientiousness","Opennesss","Full","Slope-Slope",0.285231817232325,0.22219695242662,-0.172735622930047,0.743199257394697,FALSE
"46","Child","Mom","Neuroticism","Extraversion","Full","Slope-Slope",0.108842195478011,0.376090433369943,-0.132171589742406,0.349855980698429,FALSE
"47","Child","Dad","Neuroticism","Extraversion","Full","Slope-Slope",0.175147789175972,0.276382939192445,-0.140230654765194,0.490526233117137,FALSE
"48","Mom","Dad","Neuroticism","Extraversion","Full","Slope-Slope",-0.176464362743905,0.349958481728733,-0.546502836123379,0.193574110635569,FALSE
"49","Child","Mom","Neuroticism","Agreeableness","Full","Slope-Slope",-0.174392053117941,0.244146813773458,-0.467863982520558,0.119079876284676,FALSE
"50","Child","Dad","Neuroticism","Agreeableness","Full","Slope-Slope",0.045396696770239,0.836024630290179,-0.384477803636322,0.4752711971768,FALSE
"51","Mom","Dad","Neuroticism","Agreeableness","Full","Slope-Slope",-0.577962511951444,0.0439588506048947,-1.14028332684235,-0.0156416970605331,TRUE
"52","Child","Mom","Neuroticism","Conscientiousness","Full","Slope-Slope",-0.129406387334166,0.376876530752452,-0.416428694367398,0.157615919699066,FALSE
"53","Child","Dad","Neuroticism","Conscientiousness","Full","Slope-Slope",-0.028292351771519,0.880064910100144,-0.39579926697274,0.339214563429702,FALSE
"54","Mom","Dad","Neuroticism","Conscientiousness","Full","Slope-Slope",-0.468399461211603,0.0511336124562027,-0.939106203540591,0.00230728111738621,FALSE
"55","Child","Mom","Neuroticism","Neuroticism","Full","Slope-Slope",0.174448033917032,0.222407566463802,-0.105772865514667,0.45466893334873,FALSE
"56","Child","Dad","Neuroticism","Neuroticism","Full","Slope-Slope",-0.0632641730780516,0.713238772579664,-0.400657885991217,0.274129539835114,FALSE
"57","Mom","Dad","Neuroticism","Neuroticism","Full","Slope-Slope",0.434692717089411,0.0601515753293975,-0.0185661598145707,0.887951593993392,FALSE
"58","Child","Mom","Neuroticism","Opennesss","Full","Slope-Slope",-0.0150322200076769,0.8942218209853,-0.236615515317213,0.206551075301859,FALSE
"59","Child","Dad","Neuroticism","Opennesss","Full","Slope-Slope",0.010180516392563,0.959090747884489,-0.378816262612257,0.399177295397383,FALSE
"60","Mom","Dad","Neuroticism","Opennesss","Full","Slope-Slope",-0.317339737129318,0.157345325166874,-0.757190954131247,0.122511479872611,FALSE
"61","Child","Mom","Opennesss","Extraversion","Full","Slope-Slope",-0.23193107836167,0.0266598216551277,-0.437022071481469,-0.0268400852418709,TRUE
"62","Child","Dad","Opennesss","Extraversion","Full","Slope-Slope",-0.0684293177073658,0.659936889025054,-0.373245013891714,0.236386378476982,FALSE
"63","Mom","Dad","Opennesss","Extraversion","Full","Slope-Slope",0.382485792235094,0.0289301440725871,0.0393043039051105,0.725667280565078,TRUE
"64","Child","Mom","Opennesss","Agreeableness","Full","Slope-Slope",0.114565660936113,0.350303513375664,-0.125845894067498,0.354977215939724,FALSE
"65","Child","Dad","Opennesss","Agreeableness","Full","Slope-Slope",-0.362723713554854,0.0776868290963619,-0.765681381936551,0.0402339548268422,FALSE
"66","Mom","Dad","Opennesss","Agreeableness","Full","Slope-Slope",0.509682833440695,0.0303374053401391,0.0484094250271986,0.970956241854192,TRUE
"67","Child","Mom","Opennesss","Conscientiousness","Full","Slope-Slope",-0.0179986004558903,0.882079441646183,-0.255817888687775,0.219820687775994,FALSE
"68","Child","Dad","Opennesss","Conscientiousness","Full","Slope-Slope",0.0485883318533692,0.789720051427568,-0.308519311108424,0.405695974815162,FALSE
"69","Mom","Dad","Opennesss","Conscientiousness","Full","Slope-Slope",0.271707990635691,0.169269054786269,-0.115717310706256,0.659133291977637,FALSE
"70","Child","Mom","Opennesss","Neuroticism","Full","Slope-Slope",-0.0354288348110752,0.773410667680062,-0.276607245317927,0.205749575695777,FALSE
"71","Child","Dad","Opennesss","Neuroticism","Full","Slope-Slope",0.458264440748847,0.0238270033214185,0.0608225677779679,0.855706313719726,TRUE
"72","Mom","Dad","Opennesss","Neuroticism","Full","Slope-Slope",-0.503717890403609,0.00253620943458688,-0.830737761541093,-0.176698019266125,TRUE
"73","Child","Mom","Opennesss","Opennesss","Full","Slope-Slope",-0.164583146581933,0.152802293181648,-0.390208364547849,0.061042071383984,FALSE
"74","Child","Dad","Opennesss","Opennesss","Full","Slope-Slope",0.0195460302905626,0.916802103675834,-0.347182820982892,0.386274881564017,FALSE
"75","Mom","Dad","Opennesss","Opennesss","Full","Slope-Slope",0.397553619927856,0.0329131976468033,0.0322749351969525,0.762832304658759,TRUE
"76","Child","Mom","Extraversion","Extraversion","Overlap","Slope-Slope",0.0873387237628653,0.414091326852253,-0.122257961226967,0.296935408752697,FALSE
"77","Child","Dad","Extraversion","Extraversion","Overlap","Slope-Slope",-0.171593283066645,0.308236488715731,-0.501661938892932,0.158475372759641,FALSE
"78","Child","Mom","Extraversion","Agreeableness","Overlap","Slope-Slope",0.136725447075484,0.285353172111058,-0.114102159049691,0.38755305320066,FALSE
"79","Child","Dad","Extraversion","Agreeableness","Overlap","Slope-Slope",-0.294296371206145,0.258069316646156,-0.804311866593038,0.215719124180748,FALSE
"80","Child","Mom","Extraversion","Conscientiousness","Overlap","Slope-Slope",0.0449579351432695,0.740793834344698,-0.221412454474796,0.311328324761335,FALSE
"81","Child","Dad","Extraversion","Conscientiousness","Overlap","Slope-Slope",-0.322746447537138,0.474010418014285,-1.20626418247557,0.560771287401291,FALSE
"82","Child","Mom","Extraversion","Neuroticism","Overlap","Slope-Slope",-0.203807089721659,0.0916761627859586,-0.440644201709605,0.033030022266288,FALSE
"83","Child","Dad","Extraversion","Neuroticism","Overlap","Slope-Slope",0.415347091205295,0.0306763106080397,0.038682339618055,0.792011842792535,TRUE
"84","Child","Mom","Extraversion","Opennesss","Overlap","Slope-Slope",-0.018376503146996,0.847978444370821,-0.206261643215021,0.169508636921029,FALSE
"85","Child","Dad","Extraversion","Opennesss","Overlap","Slope-Slope",-0.495878979349826,0.641709867067312,-2.58460710716045,1.59284914846079,FALSE
"86","Child","Mom","Agreeableness","Extraversion","Overlap","Slope-Slope",-0.108108613343739,0.421944070360602,-0.371962897287746,0.155745670600268,FALSE
"87","Child","Dad","Agreeableness","Extraversion","Overlap","Slope-Slope",-0.0732652860117686,0.752048292080529,-0.527773948366597,0.38124337634306,FALSE
"88","Child","Mom","Agreeableness","Agreeableness","Overlap","Slope-Slope",-0.0564594212019552,0.742872689443131,-0.393779679713073,0.280860837309163,FALSE
"89","Child","Dad","Agreeableness","Agreeableness","Overlap","Slope-Slope",-0.405069006424232,0.218007788161976,-1.04956733279158,0.239429319943114,FALSE
"90","Child","Mom","Agreeableness","Conscientiousness","Overlap","Slope-Slope",-0.139530495275479,0.45188500163499,-0.50306022032197,0.223999229771013,FALSE
"91","Child","Dad","Agreeableness","Conscientiousness","Overlap","Slope-Slope",-0.277843540492376,0.634781500366418,-1.42427412974736,0.868587048762604,FALSE
"92","Child","Mom","Agreeableness","Neuroticism","Overlap","Slope-Slope",-0.020616592057238,0.901484901579841,-0.347049743140062,0.305816559025586,FALSE
"93","Child","Dad","Agreeableness","Neuroticism","Overlap","Slope-Slope",0.218350006899283,0.3718177258751,-0.260846914080774,0.69754692787934,FALSE
"94","Child","Mom","Agreeableness","Opennesss","Overlap","Slope-Slope",-0.104955487999524,0.390438633688776,-0.34448001756304,0.134569041563992,FALSE
"95","Child","Dad","Agreeableness","Opennesss","Overlap","Slope-Slope",0.707748515148278,0.709589323150865,-3.01709822295196,4.43259525324851,FALSE
"96","Child","Mom","Conscientiousness","Extraversion","Overlap","Slope-Slope",-0.149240446383602,0.172416154402206,-0.363611953478394,0.0651310607111903,FALSE
"97","Child","Dad","Conscientiousness","Extraversion","Overlap","Slope-Slope",-0.346768709845179,0.0769695741967185,-0.73106969139636,0.0375322717060018,FALSE
"98","Child","Mom","Conscientiousness","Agreeableness","Overlap","Slope-Slope",0.0341441805732964,0.808631078016616,-0.242170692137134,0.310459053283727,FALSE
"99","Child","Dad","Conscientiousness","Agreeableness","Overlap","Slope-Slope",-0.673989634035897,0.105043856072718,-1.48897731303509,0.140998044963295,FALSE
"100","Child","Mom","Conscientiousness","Conscientiousness","Overlap","Slope-Slope",-0.0418861678650011,0.756843645810156,-0.307027903824053,0.223255568094051,FALSE
"101","Child","Dad","Conscientiousness","Conscientiousness","Overlap","Slope-Slope",-0.833519392587396,0.400274216349186,-2.77574579098567,1.10870700581088,FALSE
"102","Child","Mom","Conscientiousness","Neuroticism","Overlap","Slope-Slope",0.18437986992874,0.169520058588148,-0.0786800317337627,0.447439771591243,FALSE
"103","Child","Dad","Conscientiousness","Neuroticism","Overlap","Slope-Slope",0.529013976710589,0.0168008773455064,0.0953743009297392,0.962653652491439,TRUE
"104","Child","Mom","Conscientiousness","Opennesss","Overlap","Slope-Slope",-0.0158382731238321,0.880438100360894,-0.222218477518496,0.190541931270832,FALSE
"105","Child","Dad","Conscientiousness","Opennesss","Overlap","Slope-Slope",-0.68514088606993,0.66867778644224,-3.8229128160803,2.45263104394044,FALSE
"106","Child","Mom","Neuroticism","Extraversion","Overlap","Slope-Slope",0.176254657529586,0.111874446957386,-0.0410352730794718,0.393544588138643,FALSE
"107","Child","Dad","Neuroticism","Extraversion","Overlap","Slope-Slope",0.17505320494291,0.366728613256689,-0.20506101442163,0.55516742430745,FALSE
"108","Child","Mom","Neuroticism","Agreeableness","Overlap","Slope-Slope",-0.104828620790161,0.50015123602832,-0.409552046626589,0.199894805046266,FALSE
"109","Child","Dad","Neuroticism","Agreeableness","Overlap","Slope-Slope",0.265646601250005,0.368754961416064,-0.313629280081766,0.844922482581776,FALSE
"110","Child","Mom","Neuroticism","Conscientiousness","Overlap","Slope-Slope",-0.0751825334197333,0.620150089509712,-0.37248654153837,0.222121474698903,FALSE
"111","Child","Dad","Neuroticism","Conscientiousness","Overlap","Slope-Slope",0.173198673102881,0.694091632613434,-0.689897729997348,1.03629507620311,FALSE
"112","Child","Mom","Neuroticism","Neuroticism","Overlap","Slope-Slope",0.0389094182345698,0.770728279777238,-0.222776219652615,0.300595056121755,FALSE
"113","Child","Dad","Neuroticism","Neuroticism","Overlap","Slope-Slope",0.0272675357697155,0.880522556107656,-0.3282944384979,0.382829510037331,FALSE
"114","Child","Mom","Neuroticism","Opennesss","Overlap","Slope-Slope",-0.0361872345346758,0.734451423157291,-0.245277900878088,0.172903431808736,FALSE
"115","Child","Dad","Neuroticism","Opennesss","Overlap","Slope-Slope",0.374910212161539,0.684044012303232,-1.43073862391161,2.18055904823469,FALSE
"116","Child","Mom","Opennesss","Extraversion","Overlap","Slope-Slope",-0.232294799317618,0.0387505113277848,-0.452579111582137,-0.0120104870530984,TRUE
"117","Child","Dad","Opennesss","Extraversion","Overlap","Slope-Slope",-0.0195028007785296,0.924038166010842,-0.420399096807249,0.38139349525019,FALSE
"118","Child","Mom","Opennesss","Agreeableness","Overlap","Slope-Slope",-0.0800778558210102,0.552262042866468,-0.344136735467847,0.183981023825827,FALSE
"119","Child","Dad","Opennesss","Agreeableness","Overlap","Slope-Slope",-0.19323623746906,0.465566642869659,-0.712257994189752,0.325785519251633,FALSE
"120","Child","Mom","Opennesss","Conscientiousness","Overlap","Slope-Slope",-0.0840144035892072,0.562267889517791,-0.368176549189974,0.20014774201156,FALSE
"121","Child","Dad","Opennesss","Conscientiousness","Overlap","Slope-Slope",-0.411227200952124,0.437870961654115,-1.45015131192394,0.627696910019697,FALSE
"122","Child","Mom","Opennesss","Neuroticism","Overlap","Slope-Slope",0.103469263915018,0.407205986268908,-0.141211014573906,0.348149542403941,FALSE
"123","Child","Dad","Opennesss","Neuroticism","Overlap","Slope-Slope",0.425619905474069,0.0534028551644976,-0.00623895009137826,0.857478761039516,FALSE
"124","Child","Mom","Opennesss","Opennesss","Overlap","Slope-Slope",-0.153065986380842,0.168541882414072,-0.37094885023908,0.0648168774773965,FALSE
"125","Child","Dad","Opennesss","Opennesss","Overlap","Slope-Slope",0.118484462907014,0.818933445262885,-0.895967515263647,1.13293644107767,FALSE
"126","Child","Mom","Extraversion","Extraversion","Full","Intercept-Intercept",0.186611333074113,4.66659676474634e-05,0.0967842049597359,0.276438461188491,TRUE
"127","Child","Dad","Extraversion","Extraversion","Full","Intercept-Intercept",0.266320429014023,5.85641526162917e-07,0.1618389163036,0.370801941724447,TRUE
"128","Mom","Dad","Extraversion","Extraversion","Full","Intercept-Intercept",-0.0673614676752534,0.294088073404255,-0.193196957650636,0.0584740223001293,FALSE
"129","Child","Mom","Extraversion","Agreeableness","Full","Intercept-Intercept",0.0633693743554536,0.173754868760495,-0.0279394722934873,0.154678221004394,FALSE
"130","Child","Dad","Extraversion","Agreeableness","Full","Intercept-Intercept",0.17122191614095,0.00389275628200481,0.0549694454637176,0.287474386818183,TRUE
"131","Mom","Dad","Extraversion","Agreeableness","Full","Intercept-Intercept",0.121751344981795,0.0683252678653647,-0.00915768285238376,0.252660372815974,FALSE
"132","Child","Mom","Extraversion","Conscientiousness","Full","Intercept-Intercept",0.142643815184002,0.00219211538682762,0.0513650378007951,0.233922592567208,TRUE
"133","Child","Dad","Extraversion","Conscientiousness","Full","Intercept-Intercept",0.300242349544798,8.2969133785582e-08,0.190465510669247,0.41001918842035,TRUE
"134","Mom","Dad","Extraversion","Conscientiousness","Full","Intercept-Intercept",0.161854272553005,0.00693719358243317,0.0443554426538922,0.279353102452118,TRUE
"135","Child","Mom","Extraversion","Neuroticism","Full","Intercept-Intercept",-0.0927439836799325,0.0479255124115516,-0.184640983516613,-0.000846983843252477,TRUE
"136","Child","Dad","Extraversion","Neuroticism","Full","Intercept-Intercept",-0.165746603367905,0.00500664265140083,-0.281494009746192,-0.0499991969896179,TRUE
"137","Mom","Dad","Extraversion","Neuroticism","Full","Intercept-Intercept",-0.0752871841877401,0.252667936138587,-0.204285390453884,0.0537110220784037,FALSE
"138","Child","Mom","Extraversion","Opennesss","Full","Intercept-Intercept",0.0511875461085662,0.28048377524904,-0.0417726641755189,0.144147756392651,FALSE
"139","Child","Dad","Extraversion","Opennesss","Full","Intercept-Intercept",0.184593981758062,0.00152068307024233,0.0704877189032784,0.298700244612846,TRUE
"140","Mom","Dad","Extraversion","Opennesss","Full","Intercept-Intercept",0.0645786967345977,0.316957006303894,-0.0619008006109756,0.191058194080171,FALSE
"141","Child","Mom","Agreeableness","Extraversion","Full","Intercept-Intercept",0.217271541053522,3.9148721339366e-05,0.113721419643703,0.320821662463341,TRUE
"142","Child","Dad","Agreeableness","Extraversion","Full","Intercept-Intercept",0.0326201864747057,0.588194665652424,-0.0854588849335302,0.150699257882942,FALSE
"143","Mom","Dad","Agreeableness","Extraversion","Full","Intercept-Intercept",0.0779496433687758,0.222485354027559,-0.0472841753297592,0.203183462067311,FALSE
"144","Child","Mom","Agreeableness","Agreeableness","Full","Intercept-Intercept",0.169273480901305,0.00128961954912277,0.0661842692384669,0.272362692564144,TRUE
"145","Child","Dad","Agreeableness","Agreeableness","Full","Intercept-Intercept",0.159556726354355,0.0165804428284562,0.0290304807081805,0.290082972000529,TRUE
"146","Mom","Dad","Agreeableness","Agreeableness","Full","Intercept-Intercept",0.27866755292593,3.19065303682198e-05,0.147356174873905,0.409978930977954,TRUE
"147","Child","Mom","Agreeableness","Conscientiousness","Full","Intercept-Intercept",0.225358136871254,1.04990342348898e-05,0.125124254614256,0.325592019128251,TRUE
"148","Child","Dad","Agreeableness","Conscientiousness","Full","Intercept-Intercept",0.208261884301006,0.000438714002757079,0.0921558267680063,0.324367941834005,TRUE
"149","Mom","Dad","Agreeableness","Conscientiousness","Full","Intercept-Intercept",0.263809035588908,1.03597311853498e-05,0.146550115828209,0.381067955349607,TRUE
"150","Child","Mom","Agreeableness","Neuroticism","Full","Intercept-Intercept",-0.225865469544559,2.17227205296933e-05,-0.330115563274527,-0.12161537581459,TRUE
"151","Child","Dad","Agreeableness","Neuroticism","Full","Intercept-Intercept",-0.156888112134666,0.0126882354725419,-0.280261089137318,-0.0335151351320133,TRUE
"152","Mom","Dad","Agreeableness","Neuroticism","Full","Intercept-Intercept",-0.164736264182539,0.0208218810885452,-0.304437425345553,-0.025035103019526,TRUE
"153","Child","Mom","Agreeableness","Opennesss","Full","Intercept-Intercept",0.148045956921159,0.00564220017248163,0.043213157943749,0.252878755898568,TRUE
"154","Child","Dad","Agreeableness","Opennesss","Full","Intercept-Intercept",0.158325387041229,0.0122303057925772,0.0344695144768235,0.282181259605634,TRUE
"155","Mom","Dad","Agreeableness","Opennesss","Full","Intercept-Intercept",0.28744468547533,4.80833822558147e-06,0.164246877606332,0.410642493344329,TRUE
"156","Child","Mom","Conscientiousness","Extraversion","Full","Intercept-Intercept",0.13911977470788,0.00464406841713783,0.0427951740918692,0.23544437532389,TRUE
"157","Child","Dad","Conscientiousness","Extraversion","Full","Intercept-Intercept",0.0710525717186791,0.217945078957554,-0.0419825497255052,0.184087693162864,FALSE
"158","Mom","Dad","Conscientiousness","Extraversion","Full","Intercept-Intercept",0.0977479364938394,0.102194017231145,-0.0194774187907261,0.214973291778405,FALSE
"159","Child","Mom","Conscientiousness","Agreeableness","Full","Intercept-Intercept",0.0986491225621722,0.0468226440306365,0.00138636614350018,0.195911878980844,TRUE
"160","Child","Dad","Conscientiousness","Agreeableness","Full","Intercept-Intercept",0.11186000467593,0.0897519519421777,-0.0173558827916405,0.2410758921435,FALSE
"161","Mom","Dad","Conscientiousness","Agreeableness","Full","Intercept-Intercept",0.295637793362936,3.07060516924196e-06,0.171455515774347,0.419820070951526,TRUE
"162","Child","Mom","Conscientiousness","Conscientiousness","Full","Intercept-Intercept",0.232949565958181,9.45849906397456e-07,0.139820529834718,0.326078602081644,TRUE
"163","Child","Dad","Conscientiousness","Conscientiousness","Full","Intercept-Intercept",0.20594978852711,0.00107439128720599,0.0825189096571011,0.329380667397118,TRUE
"164","Mom","Dad","Conscientiousness","Conscientiousness","Full","Intercept-Intercept",0.228682207977725,6.18995938548306e-05,0.116782441357554,0.340581974597896,TRUE
"165","Child","Mom","Conscientiousness","Neuroticism","Full","Intercept-Intercept",-0.086716451464471,0.0837962636129641,-0.18501261920211,0.0115797162731677,FALSE
"166","Child","Dad","Conscientiousness","Neuroticism","Full","Intercept-Intercept",-0.11136341969615,0.073205430250628,-0.233195665017438,0.0104688256251374,FALSE
"167","Mom","Dad","Conscientiousness","Neuroticism","Full","Intercept-Intercept",-0.196825395650025,0.00152894247124968,-0.318552899128295,-0.0750978921717547,TRUE
"168","Child","Mom","Conscientiousness","Opennesss","Full","Intercept-Intercept",0.107207994968007,0.0336034616346621,0.00831680768424055,0.206099182251773,TRUE
"169","Child","Dad","Conscientiousness","Opennesss","Full","Intercept-Intercept",0.0551873994476844,0.367996944713989,-0.0649653478350799,0.175340146730449,FALSE
"170","Mom","Dad","Conscientiousness","Opennesss","Full","Intercept-Intercept",0.169526671093556,0.0161405429707877,0.0314117214122555,0.307641620774857,TRUE
"171","Child","Mom","Neuroticism","Extraversion","Full","Intercept-Intercept",-0.168540406294974,0.000938980876686868,-0.268393267021818,-0.0686875455681306,TRUE
"172","Child","Dad","Neuroticism","Extraversion","Full","Intercept-Intercept",-0.03753027128993,0.521415876873741,-0.152255886303914,0.077195343724054,FALSE
"173","Mom","Dad","Neuroticism","Extraversion","Full","Intercept-Intercept",-0.0401878546313052,0.49533964105568,-0.155708590729748,0.0753328814671377,FALSE
"174","Child","Mom","Neuroticism","Agreeableness","Full","Intercept-Intercept",-0.0765648212227653,0.129313474238319,-0.175498654045353,0.0223690115998223,FALSE
"175","Child","Dad","Neuroticism","Agreeableness","Full","Intercept-Intercept",-0.0945059990611958,0.144172195398043,-0.221337463591581,0.03232546546919,FALSE
"176","Mom","Dad","Neuroticism","Agreeableness","Full","Intercept-Intercept",-0.181846457250452,0.00701204607964412,-0.314033623811089,-0.0496592906898145,TRUE
"177","Child","Mom","Neuroticism","Conscientiousness","Full","Intercept-Intercept",-0.115321034748059,0.0226127473840962,-0.214458547948805,-0.0161835215473124,TRUE
"178","Child","Dad","Neuroticism","Conscientiousness","Full","Intercept-Intercept",-0.218747198575135,0.000246284622330784,-0.335693675139937,-0.101800722010333,TRUE
"179","Mom","Dad","Neuroticism","Conscientiousness","Full","Intercept-Intercept",-0.175442258756433,0.00342005438745829,-0.292912198366345,-0.0579723191465212,TRUE
"180","Child","Mom","Neuroticism","Neuroticism","Full","Intercept-Intercept",0.137183499242674,0.00713402834774479,0.0372494732228382,0.23711752526251,TRUE
"181","Child","Dad","Neuroticism","Neuroticism","Full","Intercept-Intercept",0.148024647192447,0.0174422861783219,0.0259831960968498,0.270066098288044,TRUE
"182","Mom","Dad","Neuroticism","Neuroticism","Full","Intercept-Intercept",0.171309453820616,0.00785295049839396,0.0450043463473398,0.297614561293893,TRUE
"183","Child","Mom","Neuroticism","Opennesss","Full","Intercept-Intercept",-0.0683602830370199,0.192379921484901,-0.171142334090175,0.034421768016135,FALSE
"184","Child","Dad","Neuroticism","Opennesss","Full","Intercept-Intercept",-0.140078716365205,0.0182390073297627,-0.25637716899388,-0.0237802637365304,TRUE
"185","Mom","Dad","Neuroticism","Opennesss","Full","Intercept-Intercept",-0.156677718956097,0.00765514004685652,-0.271823073647151,-0.041532364265043,TRUE
"186","Child","Mom","Opennesss","Extraversion","Full","Intercept-Intercept",0.151536306367912,0.00263833922535728,0.0527650931389123,0.250307519596911,TRUE
"187","Child","Dad","Opennesss","Extraversion","Full","Intercept-Intercept",0.0263300338905992,0.6546949401779,-0.0890550489339964,0.141715116715195,FALSE
"188","Mom","Dad","Opennesss","Extraversion","Full","Intercept-Intercept",0.0637483288763304,0.285842171774996,-0.0533189704259758,0.180815628178637,FALSE
"189","Child","Mom","Opennesss","Agreeableness","Full","Intercept-Intercept",0.116125623829425,0.0200833189575198,0.0182233303976483,0.214027917261203,TRUE
"190","Child","Dad","Opennesss","Agreeableness","Full","Intercept-Intercept",-0.0488794990806939,0.449523524527503,-0.175566670142916,0.0778076719815282,FALSE
"191","Mom","Dad","Opennesss","Agreeableness","Full","Intercept-Intercept",0.200852290422157,0.00161184268933257,0.0760286312983748,0.325675949545939,TRUE
"192","Child","Mom","Opennesss","Conscientiousness","Full","Intercept-Intercept",0.114144425988476,0.0178542442338687,0.0196935251964113,0.20859532678054,TRUE
"193","Child","Dad","Opennesss","Conscientiousness","Full","Intercept-Intercept",0.0783022745978304,0.193817415747704,-0.0398086464341304,0.196413195629791,FALSE
"194","Mom","Dad","Opennesss","Conscientiousness","Full","Intercept-Intercept",0.189858751331607,0.0014326750077891,0.0731341730808881,0.306583329582327,TRUE
"195","Child","Mom","Opennesss","Neuroticism","Full","Intercept-Intercept",-0.128302072847705,0.0106467988668726,-0.226759123349711,-0.0298450223457,TRUE
"196","Child","Dad","Opennesss","Neuroticism","Full","Intercept-Intercept",-0.0229498997016015,0.700268886214779,-0.139796497374709,0.0938966979715063,FALSE
"197","Mom","Dad","Opennesss","Neuroticism","Full","Intercept-Intercept",-0.135461162206427,0.0347002888957491,-0.261180518752779,-0.00974180566007507,TRUE
"198","Child","Mom","Opennesss","Opennesss","Full","Intercept-Intercept",0.178692109786092,0.000133230442469934,0.0870186579956464,0.270365561576538,TRUE
"199","Child","Dad","Opennesss","Opennesss","Full","Intercept-Intercept",0.15225091652924,0.0122587648271826,0.0331079303361553,0.271393902722324,TRUE
"200","Mom","Dad","Opennesss","Opennesss","Full","Intercept-Intercept",0.22792702859323,0.00013041721169138,0.111155630045668,0.344698427140791,TRUE
"201","Child","Mom","Extraversion","Extraversion","Overlap","Intercept-Intercept",0.178047248984658,0.000135500104734065,0.086604862165705,0.26948963580361,TRUE
"202","Child","Dad","Extraversion","Extraversion","Overlap","Intercept-Intercept",0.275720543924772,4.63325820154736e-07,0.168517192610232,0.382923895239313,TRUE
"203","Child","Mom","Extraversion","Agreeableness","Overlap","Intercept-Intercept",0.0888952614292284,0.0632865432373368,-0.00492018259619784,0.182710705454655,FALSE
"204","Child","Dad","Extraversion","Agreeableness","Overlap","Intercept-Intercept",0.203183899436252,0.00144745367108934,0.0781506293861519,0.328217169486353,TRUE
"205","Child","Mom","Extraversion","Conscientiousness","Overlap","Intercept-Intercept",0.158520756870045,0.00096111315819547,0.0644183659839548,0.252623147756135,TRUE
"206","Child","Dad","Extraversion","Conscientiousness","Overlap","Intercept-Intercept",0.334856496486767,3.28680571648476e-09,0.223930025995464,0.44578296697807,TRUE
"207","Child","Mom","Extraversion","Neuroticism","Overlap","Intercept-Intercept",-0.111662314354551,0.0219941082349424,-0.207212202240753,-0.0161124264683486,TRUE
"208","Child","Dad","Extraversion","Neuroticism","Overlap","Intercept-Intercept",-0.18749701948281,0.00215398510245657,-0.307272478058792,-0.0677215609068279,TRUE
"209","Child","Mom","Extraversion","Opennesss","Overlap","Intercept-Intercept",0.0562331879490833,0.237074607731661,-0.0369852714734041,0.149451647371571,FALSE
"210","Child","Dad","Extraversion","Opennesss","Overlap","Intercept-Intercept",0.208835939857734,0.000908398198913751,0.0854551358289696,0.332216743886498,TRUE
"211","Child","Mom","Agreeableness","Extraversion","Overlap","Intercept-Intercept",0.225692607448503,1.98585124926431e-05,0.122012330191511,0.329372884705496,TRUE
"212","Child","Dad","Agreeableness","Extraversion","Overlap","Intercept-Intercept",0.096821619250912,0.12807275397749,-0.0278817775290427,0.221525016030867,FALSE
"213","Child","Mom","Agreeableness","Agreeableness","Overlap","Intercept-Intercept",0.159918804987876,0.00333962616891315,0.053112569129158,0.266725040846594,TRUE
"214","Child","Dad","Agreeableness","Agreeableness","Overlap","Intercept-Intercept",0.192112883065098,0.00768135300832551,0.0508647111177419,0.333361055012454,TRUE
"215","Child","Mom","Agreeableness","Conscientiousness","Overlap","Intercept-Intercept",0.226544068680095,1.15234614932458e-05,0.125318283784373,0.327769853575817,TRUE
"216","Child","Dad","Agreeableness","Conscientiousness","Overlap","Intercept-Intercept",0.212189772053509,0.000456505116739558,0.0935372065077029,0.330842337599315,TRUE
"217","Child","Mom","Agreeableness","Neuroticism","Overlap","Intercept-Intercept",-0.219317026184156,7.32692866236562e-05,-0.327717735786249,-0.110916316582064,TRUE
"218","Child","Dad","Agreeableness","Neuroticism","Overlap","Intercept-Intercept",-0.176664255284281,0.00942378822428713,-0.310030040365821,-0.0432984702027406,TRUE
"219","Child","Mom","Agreeableness","Opennesss","Overlap","Intercept-Intercept",0.159009591865783,0.00335061850794016,0.0527736774743491,0.265245506257217,TRUE
"220","Child","Dad","Agreeableness","Opennesss","Overlap","Intercept-Intercept",0.20260454512994,0.00201729775294646,0.0739971733592162,0.331211916900663,TRUE
"221","Child","Mom","Conscientiousness","Extraversion","Overlap","Intercept-Intercept",0.126121631584723,0.012104959139531,0.0276015091383797,0.224641754031067,TRUE
"222","Child","Dad","Conscientiousness","Extraversion","Overlap","Intercept-Intercept",0.115918716536621,0.0494958254159901,0.000255619143072747,0.231581813930169,TRUE
"223","Child","Mom","Conscientiousness","Agreeableness","Overlap","Intercept-Intercept",0.102210847002687,0.045230300795301,0.00217142445359138,0.202250269551782,TRUE
"224","Child","Dad","Conscientiousness","Agreeableness","Overlap","Intercept-Intercept",0.139878379400281,0.0414003690569946,0.00545480522339864,0.274301953577163,TRUE
"225","Child","Mom","Conscientiousness","Conscientiousness","Overlap","Intercept-Intercept",0.217673657446895,8.50754492986994e-06,0.121844178722394,0.313503136171396,TRUE
"226","Child","Dad","Conscientiousness","Conscientiousness","Overlap","Intercept-Intercept",0.231206068337958,0.000285979617791865,0.106289980879098,0.356122155796818,TRUE
"227","Child","Mom","Conscientiousness","Neuroticism","Overlap","Intercept-Intercept",-0.089043249299553,0.0939356462567691,-0.193235674911582,0.0151491763124756,FALSE
"228","Child","Dad","Conscientiousness","Neuroticism","Overlap","Intercept-Intercept",-0.117944581846975,0.0655206880738379,-0.243463690500224,0.00757452680627327,FALSE
"229","Child","Mom","Conscientiousness","Opennesss","Overlap","Intercept-Intercept",0.0878720043402534,0.0835377764485801,-0.0116507792522045,0.187394787932711,FALSE
"230","Child","Dad","Conscientiousness","Opennesss","Overlap","Intercept-Intercept",0.0701177972156816,0.285015377211355,-0.058425578137329,0.198661172568692,FALSE
"231","Child","Mom","Neuroticism","Extraversion","Overlap","Intercept-Intercept",-0.165015510395773,0.0018490787735137,-0.26889495891466,-0.0611360618768871,TRUE
"232","Child","Dad","Neuroticism","Extraversion","Overlap","Intercept-Intercept",-0.0745486386280533,0.224760360867058,-0.194908300642241,0.045811023386134,FALSE
"233","Child","Mom","Neuroticism","Agreeableness","Overlap","Intercept-Intercept",-0.0880962376715958,0.090387525570162,-0.190062596937134,0.0138701215939424,FALSE
"234","Child","Dad","Neuroticism","Agreeableness","Overlap","Intercept-Intercept",-0.131627133798074,0.0567140520087459,-0.267015924822392,0.00376165722624344,FALSE
"235","Child","Mom","Neuroticism","Conscientiousness","Overlap","Intercept-Intercept",-0.115047338570923,0.0262344165773496,-0.216494319921366,-0.0136003572204799,TRUE
"236","Child","Dad","Neuroticism","Conscientiousness","Overlap","Intercept-Intercept",-0.248943319621994,3.4737102971194e-05,-0.366799603757244,-0.131087035486743,TRUE
"237","Child","Mom","Neuroticism","Neuroticism","Overlap","Intercept-Intercept",0.159460679097272,0.00223634581526322,0.0572209590813684,0.261700399113175,TRUE
"238","Child","Dad","Neuroticism","Neuroticism","Overlap","Intercept-Intercept",0.181583090594523,0.00561609355505133,0.0530724807657896,0.310093700423256,TRUE
"239","Child","Mom","Neuroticism","Opennesss","Overlap","Intercept-Intercept",-0.058684051230714,0.275375343676928,-0.164131510171444,0.0467634077100161,FALSE
"240","Child","Dad","Neuroticism","Opennesss","Overlap","Intercept-Intercept",-0.163485600555623,0.0109098545959456,-0.289361341506743,-0.0376098596045019,TRUE
"241","Child","Mom","Opennesss","Extraversion","Overlap","Intercept-Intercept",0.164462856349371,0.000978191073003565,0.0666866568394527,0.26223905585929,TRUE
"242","Child","Dad","Opennesss","Extraversion","Overlap","Intercept-Intercept",0.0435256244477874,0.476801409922168,-0.076381437587249,0.163432686482824,FALSE
"243","Child","Mom","Opennesss","Agreeableness","Overlap","Intercept-Intercept",0.1209931020908,0.0163073586867843,0.02226463519699,0.21972156898461,TRUE
"244","Child","Dad","Opennesss","Agreeableness","Overlap","Intercept-Intercept",-0.0263499062544941,0.697460437354072,-0.15919813734752,0.106498324838531,FALSE
"245","Child","Mom","Opennesss","Conscientiousness","Overlap","Intercept-Intercept",0.106572789770842,0.033441308265493,0.00835750426428389,0.2047880752774,TRUE
"246","Child","Dad","Opennesss","Conscientiousness","Overlap","Intercept-Intercept",0.0721049031716056,0.243536204695079,-0.0490782527419237,0.193288059085135,FALSE
"247","Child","Mom","Opennesss","Neuroticism","Overlap","Intercept-Intercept",-0.135780438875575,0.00706798561274247,-0.234578479493447,-0.0369823982577029,TRUE
"248","Child","Dad","Opennesss","Neuroticism","Overlap","Intercept-Intercept",-0.0393899594341162,0.517860607849892,-0.158779571167273,0.0799996522990405,FALSE
"249","Child","Mom","Opennesss","Opennesss","Overlap","Intercept-Intercept",0.19001417161754,6.60716132718786e-05,0.0966757331853422,0.283352610049737,TRUE
"250","Child","Dad","Opennesss","Opennesss","Overlap","Intercept-Intercept",0.170244278171498,0.00943450307026517,0.0417056743325372,0.298782882010458,TRUE
"251","Child","Mom","Extraversion","Extraversion","Full","Intercept-Slope",-0.082332385986634,0.275695577560234,-0.230371475529933,0.0657067035566651,FALSE
"252","Child","Dad","Extraversion","Extraversion","Full","Intercept-Slope",-0.0163016144239009,0.87759743776801,-0.223751884418087,0.191148655570285,FALSE
"253","Mom","Dad","Extraversion","Extraversion","Full","Intercept-Slope",0.248584164053455,0.0181339072618358,0.042387676921726,0.454780651185185,TRUE
"254","Child","Mom","Extraversion","Agreeableness","Full","Intercept-Slope",0.13472062580245,0.101571428901423,-0.0265512095769359,0.295992461181836,FALSE
"255","Child","Dad","Extraversion","Agreeableness","Full","Intercept-Slope",0.116167076834379,0.344298620931225,-0.124587782390665,0.356921936059424,FALSE
"256","Mom","Dad","Extraversion","Agreeableness","Full","Intercept-Slope",0.211823436040564,0.158617415173532,-0.0826757262532053,0.506322598334333,FALSE
"257","Child","Mom","Extraversion","Conscientiousness","Full","Intercept-Slope",-0.00525836026377417,0.942374337491211,-0.147833719104379,0.137316998576831,FALSE
"258","Child","Dad","Extraversion","Conscientiousness","Full","Intercept-Slope",0.175489934191583,0.1457017053541,-0.0609235737887067,0.411903442171873,FALSE
"259","Mom","Dad","Extraversion","Conscientiousness","Full","Intercept-Slope",0.14466160566004,0.310230584530649,-0.134751847714113,0.424075059034194,FALSE
"260","Child","Mom","Extraversion","Neuroticism","Full","Intercept-Slope",-0.0549857028448616,0.548324645916427,-0.234520827380236,0.124549421690513,FALSE
"261","Child","Dad","Extraversion","Neuroticism","Full","Intercept-Slope",-0.0876994941879606,0.476885289913133,-0.329345431919497,0.153946443543575,FALSE
"262","Mom","Dad","Extraversion","Neuroticism","Full","Intercept-Slope",-0.180428007343914,0.113331772027314,-0.403766277494706,0.0429102628068787,FALSE
"263","Child","Mom","Extraversion","Opennesss","Full","Intercept-Slope",-0.0352658038419119,0.63484091271649,-0.180804159693336,0.110272552009512,FALSE
"264","Child","Dad","Extraversion","Opennesss","Full","Intercept-Slope",0.0491888133088572,0.65917666060295,-0.169399239025429,0.267776865643143,FALSE
"265","Mom","Dad","Extraversion","Opennesss","Full","Intercept-Slope",0.169408661980031,0.182308871864761,-0.079552833361818,0.418370157321881,FALSE
"266","Child","Mom","Agreeableness","Extraversion","Full","Intercept-Slope",0.0576220953809179,0.433923679147802,-0.086707543744328,0.201951734506164,FALSE
"267","Child","Dad","Agreeableness","Extraversion","Full","Intercept-Slope",0.30179021795049,0.00616470802168667,0.0858275266501037,0.517752909250875,TRUE
"268","Mom","Dad","Agreeableness","Extraversion","Full","Intercept-Slope",0.120096715258347,0.215894688011169,-0.0701107489481478,0.310304179464842,FALSE
"269","Child","Mom","Agreeableness","Agreeableness","Full","Intercept-Slope",-0.0820407531616264,0.354715050263109,-0.255784658752234,0.0917031524289808,FALSE
"270","Child","Dad","Agreeableness","Agreeableness","Full","Intercept-Slope",0.0600129364626443,0.676476729649649,-0.221870677184339,0.341896550109627,FALSE
"271","Mom","Dad","Agreeableness","Agreeableness","Full","Intercept-Slope",0.0285230576028948,0.855403453316656,-0.278257624208092,0.335303739413882,FALSE
"272","Child","Mom","Agreeableness","Conscientiousness","Full","Intercept-Slope",-0.0468462607962454,0.554580272352773,-0.202228432248426,0.108535910655936,FALSE
"273","Child","Dad","Agreeableness","Conscientiousness","Full","Intercept-Slope",0.0950063528205688,0.476343058886988,-0.166450998883259,0.356463704524396,FALSE
"274","Mom","Dad","Agreeableness","Conscientiousness","Full","Intercept-Slope",0.0957441142807919,0.453046714665925,-0.154347402688937,0.34583563125052,FALSE
"275","Child","Mom","Agreeableness","Neuroticism","Full","Intercept-Slope",0.100490554529149,0.280544129520912,-0.0820303130820446,0.283011422140342,FALSE
"276","Child","Dad","Agreeableness","Neuroticism","Full","Intercept-Slope",-0.215894556148619,0.0809746555652793,-0.458376691550735,0.0265875792534967,FALSE
"277","Mom","Dad","Agreeableness","Neuroticism","Full","Intercept-Slope",0.020518827420897,0.868703600284594,-0.222765179913597,0.26380283475539,FALSE
"278","Child","Mom","Agreeableness","Opennesss","Full","Intercept-Slope",0.0518255172933677,0.479292032583849,-0.0917568412769474,0.195407875863683,FALSE
"279","Child","Dad","Agreeableness","Opennesss","Full","Intercept-Slope",0.164766107210759,0.152667082886056,-0.0610355321628445,0.390567746584362,FALSE
"280","Mom","Dad","Agreeableness","Opennesss","Full","Intercept-Slope",0.0427701337154025,0.739205098236178,-0.209036305169449,0.294576572600253,FALSE
"281","Child","Mom","Conscientiousness","Extraversion","Full","Intercept-Slope",-0.104451883125659,0.147298494128292,-0.245723210574475,0.036819444323157,FALSE
"282","Child","Dad","Conscientiousness","Extraversion","Full","Intercept-Slope",0.0473942981880314,0.651441083228542,-0.158225693921637,0.2530142902977,FALSE
"283","Mom","Dad","Conscientiousness","Extraversion","Full","Intercept-Slope",0.147558563014236,0.147854722234869,-0.0522889512453027,0.347406077273774,FALSE
"284","Child","Mom","Conscientiousness","Agreeableness","Full","Intercept-Slope",0.012866715744442,0.881264786390727,-0.1559688173983,0.181702248887184,FALSE
"285","Child","Dad","Conscientiousness","Agreeableness","Full","Intercept-Slope",-0.0403023706182026,0.76135427374233,-0.300396046201821,0.219791304965415,FALSE
"286","Mom","Dad","Conscientiousness","Agreeableness","Full","Intercept-Slope",-0.00653196116434243,0.96192772393635,-0.274731483698258,0.261667561369573,FALSE
"287","Child","Mom","Conscientiousness","Conscientiousness","Full","Intercept-Slope",-0.0861556125007184,0.273841197230896,-0.240471753027335,0.0681605280258981,FALSE
"288","Child","Dad","Conscientiousness","Conscientiousness","Full","Intercept-Slope",0.0543591826265843,0.649918710311356,-0.180379482181757,0.289097847434926,FALSE
"289","Mom","Dad","Conscientiousness","Conscientiousness","Full","Intercept-Slope",0.0869665126306154,0.486132673774614,-0.157768369904509,0.33170139516574,FALSE
"290","Child","Mom","Conscientiousness","Neuroticism","Full","Intercept-Slope",0.0458660926424524,0.600004190217636,-0.125561891298898,0.217294076583803,FALSE
"291","Child","Dad","Conscientiousness","Neuroticism","Full","Intercept-Slope",0.10221265692597,0.345682094542558,-0.110230207614345,0.314655521466284,FALSE
"292","Mom","Dad","Conscientiousness","Neuroticism","Full","Intercept-Slope",0.0163252906475895,0.88524615923747,-0.20538012076316,0.238030702058339,FALSE
"293","Child","Mom","Conscientiousness","Opennesss","Full","Intercept-Slope",-0.073710706839226,0.312700202059952,-0.216811223234818,0.0693898095563658,FALSE
"294","Child","Dad","Conscientiousness","Opennesss","Full","Intercept-Slope",-0.0481601088880079,0.633138743634015,-0.24591700388584,0.149596786109824,FALSE
"295","Mom","Dad","Conscientiousness","Opennesss","Full","Intercept-Slope",0.0155000217158314,0.897827302244395,-0.22108838101343,0.252088424445093,FALSE
"296","Child","Mom","Neuroticism","Extraversion","Full","Intercept-Slope",0.012326159421285,0.850239190566548,-0.115624761263531,0.140277080106101,FALSE
"297","Child","Dad","Neuroticism","Extraversion","Full","Intercept-Slope",-0.104838331861103,0.332957788035208,-0.317072379267642,0.107395715545436,FALSE
"298","Mom","Dad","Neuroticism","Extraversion","Full","Intercept-Slope",-0.200684656061566,0.0481600472521453,-0.399745364665669,-0.00162394745746164,TRUE
"299","Child","Mom","Neuroticism","Agreeableness","Full","Intercept-Slope",-0.0390389334180275,0.627151221393973,-0.196561141328786,0.118483274492731,FALSE
"300","Child","Dad","Neuroticism","Agreeableness","Full","Intercept-Slope",-0.062237221176838,0.657366746865886,-0.33725074806135,0.212776305707675,FALSE
"301","Mom","Dad","Neuroticism","Agreeableness","Full","Intercept-Slope",-0.042473057139758,0.784631957485405,-0.347081050432183,0.262134936152667,FALSE
"302","Child","Mom","Neuroticism","Conscientiousness","Full","Intercept-Slope",0.0403441378304815,0.594559773896577,-0.10822240235131,0.188910678012273,FALSE
"303","Child","Dad","Neuroticism","Conscientiousness","Full","Intercept-Slope",-0.216489933778949,0.0693760492490858,-0.4501469383831,0.0171670708252014,FALSE
"304","Mom","Dad","Neuroticism","Conscientiousness","Full","Intercept-Slope",-0.155747580338401,0.231945259580763,-0.411117425409927,0.0996222647331236,FALSE
"305","Child","Mom","Neuroticism","Neuroticism","Full","Intercept-Slope",0.15212903345531,0.0693367372038183,-0.0120402521770275,0.316298319087648,FALSE
"306","Child","Dad","Neuroticism","Neuroticism","Full","Intercept-Slope",0.0746987686607943,0.534171570134331,-0.16081434886319,0.310211886184779,FALSE
"307","Mom","Dad","Neuroticism","Neuroticism","Full","Intercept-Slope",-0.00168685565125482,0.988728761043357,-0.235721402764857,0.232347691462347,FALSE
"308","Child","Mom","Neuroticism","Opennesss","Full","Intercept-Slope",0.0988364660976452,0.193346511123541,-0.0500906821059899,0.24776361430128,FALSE
"309","Child","Dad","Neuroticism","Opennesss","Full","Intercept-Slope",-0.0542529816078799,0.628244690005803,-0.27386083594011,0.165354872724351,FALSE
"310","Mom","Dad","Neuroticism","Opennesss","Full","Intercept-Slope",-0.0194886127684076,0.872633708392853,-0.257752097337451,0.218774871800636,FALSE
"311","Child","Mom","Opennesss","Extraversion","Full","Intercept-Slope",0.0229405152722146,0.744033564954075,-0.114763324997363,0.160644355541793,FALSE
"312","Child","Dad","Opennesss","Extraversion","Full","Intercept-Slope",0.133529213750747,0.189331795253115,-0.0658618761372756,0.332920303638769,FALSE
"313","Mom","Dad","Opennesss","Extraversion","Full","Intercept-Slope",0.115388046420859,0.327833603447781,-0.115740681146422,0.346516773988139,FALSE
"314","Child","Mom","Opennesss","Agreeableness","Full","Intercept-Slope",0.0456139764824011,0.589984341995576,-0.120295468106795,0.211523421071597,FALSE
"315","Child","Dad","Opennesss","Agreeableness","Full","Intercept-Slope",0.0521796997291361,0.698475718375303,-0.211826240833215,0.316185640291488,FALSE
"316","Mom","Dad","Opennesss","Agreeableness","Full","Intercept-Slope",-0.0239423895659997,0.874140405941161,-0.320190919431542,0.272306140299543,FALSE
"317","Child","Mom","Opennesss","Conscientiousness","Full","Intercept-Slope",-0.0954125585476013,0.251411484617047,-0.258461346232027,0.0676362291368244,FALSE
"318","Child","Dad","Opennesss","Conscientiousness","Full","Intercept-Slope",-0.06550767321906,0.59990034634658,-0.310277841218715,0.179262494780595,FALSE
"319","Mom","Dad","Opennesss","Conscientiousness","Full","Intercept-Slope",0.0466951397945716,0.736603236080455,-0.225400749120224,0.318791028709367,FALSE
"320","Child","Mom","Opennesss","Neuroticism","Full","Intercept-Slope",0.0420550240448879,0.65248191885351,-0.140985682065712,0.225095730155488,FALSE
"321","Child","Dad","Opennesss","Neuroticism","Full","Intercept-Slope",-0.182639344894965,0.108586371683618,-0.40572990158743,0.0404512117975006,FALSE
"322","Mom","Dad","Opennesss","Neuroticism","Full","Intercept-Slope",-0.0225316454012553,0.85995140250189,-0.272827540442,0.227764249639489,FALSE
"323","Child","Mom","Opennesss","Opennesss","Full","Intercept-Slope",0.00518814149080099,0.936998629261031,-0.123458344037599,0.1338346270192,FALSE
"324","Child","Dad","Opennesss","Opennesss","Full","Intercept-Slope",-0.00521330473391976,0.964036576505364,-0.231830627102764,0.221404017634924,FALSE
"325","Mom","Dad","Opennesss","Opennesss","Full","Intercept-Slope",0.102515385178575,0.403731082318802,-0.138121954497184,0.343152724854335,FALSE
"326","Child","Mom","Extraversion","Extraversion","Overlap","Intercept-Slope",-0.0695221890266296,0.377087371348909,-0.223789988440218,0.0847456103869591,FALSE
"327","Child","Dad","Extraversion","Extraversion","Overlap","Intercept-Slope",-0.149586132891937,0.277259641282021,-0.4194292361876,0.120256970403726,FALSE
"328","Child","Mom","Extraversion","Agreeableness","Overlap","Intercept-Slope",0.0489256918755083,0.589908832722025,-0.12899315974678,0.226844543497796,FALSE
"329","Child","Dad","Extraversion","Agreeableness","Overlap","Intercept-Slope",-0.0326266361010444,0.835813970963894,-0.341175611009327,0.275922338807239,FALSE
"330","Child","Mom","Extraversion","Conscientiousness","Overlap","Intercept-Slope",-0.0671848368102882,0.420702366615566,-0.230721000649507,0.0963513270289305,FALSE
"331","Child","Dad","Extraversion","Conscientiousness","Overlap","Intercept-Slope",-0.274216972627452,0.447317922722124,-0.98149372431323,0.433059779058326,FALSE
"332","Child","Mom","Extraversion","Neuroticism","Overlap","Intercept-Slope",0.0757151674274081,0.413867351132385,-0.105899997910299,0.257330332765115,FALSE
"333","Child","Dad","Extraversion","Neuroticism","Overlap","Intercept-Slope",-0.0782360148399999,0.566447449121514,-0.345708696057484,0.189236666377485,FALSE
"334","Child","Mom","Extraversion","Opennesss","Overlap","Intercept-Slope",-0.093421374552986,0.196967772884033,-0.23533505395643,0.048492304850458,FALSE
"335","Child","Dad","Extraversion","Opennesss","Overlap","Intercept-Slope",0.116143804769891,0.776021350936733,-0.683967025479048,0.91625463501883,FALSE
"336","Child","Mom","Agreeableness","Extraversion","Overlap","Intercept-Slope",0.0744543881794283,0.382678857006913,-0.0927079927298617,0.241616769088718,FALSE
"337","Child","Dad","Agreeableness","Extraversion","Overlap","Intercept-Slope",0.132521433706864,0.328190421283452,-0.133122314981943,0.398165182395672,FALSE
"338","Child","Mom","Agreeableness","Agreeableness","Overlap","Intercept-Slope",-0.120231067012026,0.254857496446063,-0.32718903784397,0.086726903819918,FALSE
"339","Child","Dad","Agreeableness","Agreeableness","Overlap","Intercept-Slope",-0.101939287078386,0.589104382401763,-0.471842313718956,0.267963739562184,FALSE
"340","Child","Mom","Agreeableness","Conscientiousness","Overlap","Intercept-Slope",-0.137940250078818,0.128752746182127,-0.31591986041845,0.0400393602608147,FALSE
"341","Child","Dad","Agreeableness","Conscientiousness","Overlap","Intercept-Slope",-0.0608602136401638,0.81559794719573,-0.572345859149171,0.450625431868843,FALSE
"342","Child","Mom","Agreeableness","Neuroticism","Overlap","Intercept-Slope",0.1168405975752,0.181861020708329,-0.0546914854015068,0.288372680551907,FALSE
"343","Child","Dad","Agreeableness","Neuroticism","Overlap","Intercept-Slope",-0.252931377751842,0.0977960661678763,-0.552355373142411,0.0464926176387268,FALSE
"344","Child","Mom","Agreeableness","Opennesss","Overlap","Intercept-Slope",-0.0055935589628045,0.937598316481242,-0.145628562209582,0.134441444283973,FALSE
"345","Child","Dad","Agreeableness","Opennesss","Overlap","Intercept-Slope",0.578493619268961,0.688825158546631,-2.25288825294777,3.40987549148569,FALSE
"346","Child","Mom","Conscientiousness","Extraversion","Overlap","Intercept-Slope",-0.112055768802405,0.148753233858635,-0.264156170939332,0.0400446333345225,FALSE
"347","Child","Dad","Conscientiousness","Extraversion","Overlap","Intercept-Slope",-0.156172532004751,0.218875613595559,-0.405124709105182,0.0927796450956793,FALSE
"348","Child","Mom","Conscientiousness","Agreeableness","Overlap","Intercept-Slope",-0.0452012211173751,0.63627140327615,-0.232533257842989,0.142130815608239,FALSE
"349","Child","Dad","Conscientiousness","Agreeableness","Overlap","Intercept-Slope",-0.247040009330793,0.194647907794276,-0.620368970865563,0.126288952203978,FALSE
"350","Child","Mom","Conscientiousness","Conscientiousness","Overlap","Intercept-Slope",-0.112588298723647,0.203995118923141,-0.286309046300447,0.061132448853154,FALSE
"351","Child","Dad","Conscientiousness","Conscientiousness","Overlap","Intercept-Slope",-0.405711834165734,0.403451459096557,-1.35748479454815,0.54606112621668,FALSE
"352","Child","Mom","Conscientiousness","Neuroticism","Overlap","Intercept-Slope",0.109746114232259,0.205370452407475,-0.0601043977342412,0.27959662619876,FALSE
"353","Child","Dad","Conscientiousness","Neuroticism","Overlap","Intercept-Slope",0.243075360858778,0.0634436061547081,-0.0136062286333692,0.499756950350925,FALSE
"354","Child","Mom","Conscientiousness","Opennesss","Overlap","Intercept-Slope",-0.0606129247180876,0.388167039955389,-0.198279847092333,0.0770539976561582,FALSE
"355","Child","Dad","Conscientiousness","Opennesss","Overlap","Intercept-Slope",-0.104131688618307,0.791357020921646,-0.875612464372542,0.667349087135928,FALSE
"356","Child","Mom","Neuroticism","Extraversion","Overlap","Intercept-Slope",0.0150225647924267,0.838689070404346,-0.129613674703865,0.159658804288718,FALSE
"357","Child","Dad","Neuroticism","Extraversion","Overlap","Intercept-Slope",0.0118624419432832,0.925300015768247,-0.236111364964614,0.25983624885118,FALSE
"358","Child","Mom","Neuroticism","Agreeableness","Overlap","Intercept-Slope",0.027125661363636,0.769644125913908,-0.154424816125663,0.208676138852935,FALSE
"359","Child","Dad","Neuroticism","Agreeableness","Overlap","Intercept-Slope",0.13626137732952,0.415313021582321,-0.191597814433829,0.464120569092869,FALSE
"360","Child","Mom","Neuroticism","Conscientiousness","Overlap","Intercept-Slope",0.0953307597783169,0.268182272103725,-0.073414742013167,0.264076261569801,FALSE
"361","Child","Dad","Neuroticism","Conscientiousness","Overlap","Intercept-Slope",0.152447591730923,0.614432109279409,-0.440679167166296,0.745574350628142,FALSE
"362","Child","Mom","Neuroticism","Neuroticism","Overlap","Intercept-Slope",0.0424457684751235,0.632488444398904,-0.131513727544539,0.216405264494786,FALSE
"363","Child","Dad","Neuroticism","Neuroticism","Overlap","Intercept-Slope",-0.0256375824928655,0.84330062265999,-0.27983842490645,0.228563259920719,FALSE
"364","Child","Mom","Neuroticism","Opennesss","Overlap","Intercept-Slope",0.118763105166208,0.0909634450233705,-0.0189439727673606,0.256470183099777,FALSE
"365","Child","Dad","Neuroticism","Opennesss","Overlap","Intercept-Slope",-0.276374534396322,0.659509877132951,-1.50582638423391,0.953077315441268,FALSE
"366","Child","Mom","Opennesss","Extraversion","Overlap","Intercept-Slope",-0.00328774929635368,0.967174514785323,-0.159873819623046,0.153298321030338,FALSE
"367","Child","Dad","Opennesss","Extraversion","Overlap","Intercept-Slope",0.173729392692985,0.191232887391088,-0.0868052894860968,0.434264074872067,FALSE
"368","Child","Mom","Opennesss","Agreeableness","Overlap","Intercept-Slope",0.0175056319274637,0.856508806892888,-0.172243257933889,0.207254521788817,FALSE
"369","Child","Dad","Opennesss","Agreeableness","Overlap","Intercept-Slope",0.0647031337463378,0.711466784441681,-0.278147131789744,0.40755339928242,FALSE
"370","Child","Mom","Opennesss","Conscientiousness","Overlap","Intercept-Slope",-0.106056895750158,0.272123447666005,-0.295339739861397,0.0832259483610811,FALSE
"371","Child","Dad","Opennesss","Conscientiousness","Overlap","Intercept-Slope",-0.260523682734297,0.446089297166686,-0.93066794217097,0.409620576702375,FALSE
"372","Child","Mom","Opennesss","Neuroticism","Overlap","Intercept-Slope",0.0586231591482503,0.504262053517642,-0.113433583404338,0.230679901700839,FALSE
"373","Child","Dad","Opennesss","Neuroticism","Overlap","Intercept-Slope",-0.314192970433297,0.0323616421212987,-0.601964646276598,-0.0264212945899965,TRUE
"374","Child","Mom","Opennesss","Opennesss","Overlap","Intercept-Slope",-0.021250649841071,0.766824166883249,-0.161709587822115,0.119208288139974,FALSE
"375","Child","Dad","Opennesss","Opennesss","Overlap","Intercept-Slope",0.15158579215439,0.703366474860154,-0.628661767462236,0.931833351771016,FALSE
"376","Child","Mom","Extraversion","Extraversion","Full","Slope-Intercept",0.0454780697746969,0.505676057896417,-0.0884421776423502,0.179398317191744,FALSE
"377","Child","Dad","Extraversion","Extraversion","Full","Slope-Intercept",0.0514842890444583,0.538155341263322,-0.112431492724872,0.215400070813789,FALSE
"378","Mom","Dad","Extraversion","Extraversion","Full","Slope-Intercept",0.112519772596944,0.17396818859036,-0.0496901938462573,0.274729739040145,FALSE
"379","Child","Mom","Extraversion","Agreeableness","Full","Slope-Intercept",0.0161009243436289,0.824252463322235,-0.125998265944274,0.158200114631531,FALSE
"380","Child","Dad","Extraversion","Agreeableness","Full","Slope-Intercept",0.00779355979614094,0.932696110718661,-0.173076987256483,0.188664106848765,FALSE
"381","Mom","Dad","Extraversion","Agreeableness","Full","Slope-Intercept",0.152424143390518,0.101310623825395,-0.0299010772986018,0.334749364079638,FALSE
"382","Child","Mom","Extraversion","Conscientiousness","Full","Slope-Intercept",0.0063144493225218,0.93021750039097,-0.135011631828372,0.147640530473415,FALSE
"383","Child","Dad","Extraversion","Conscientiousness","Full","Slope-Intercept",0.146245493461274,0.0750254820712748,-0.0147580041973431,0.307248991119891,FALSE
"384","Mom","Dad","Extraversion","Conscientiousness","Full","Slope-Intercept",0.0526855468298892,0.538069856528822,-0.115019524013094,0.220390617672873,FALSE
"385","Child","Mom","Extraversion","Neuroticism","Full","Slope-Intercept",-0.0329437427852086,0.619054123498634,-0.162810342216597,0.0969228566461798,FALSE
"386","Child","Dad","Extraversion","Neuroticism","Full","Slope-Intercept",-0.117533146392467,0.14881312124183,-0.277091861052115,0.0420255682671805,FALSE
"387","Mom","Dad","Extraversion","Neuroticism","Full","Slope-Intercept",-0.0442573406224712,0.606674048308835,-0.212746610847978,0.124231929603036,FALSE
"388","Child","Mom","Extraversion","Opennesss","Full","Slope-Intercept",0.00391711612306463,0.957673213506491,-0.140738550796069,0.148572783042198,FALSE
"389","Child","Dad","Extraversion","Opennesss","Full","Slope-Intercept",-0.0485019251390326,0.588715986434696,-0.224315567696832,0.127311717418767,FALSE
"390","Mom","Dad","Extraversion","Opennesss","Full","Slope-Intercept",0.146233798026146,0.0997625396244506,-0.0278925362038484,0.320360132256141,FALSE
"391","Child","Mom","Agreeableness","Extraversion","Full","Slope-Intercept",0.112251723772398,0.217752436311381,-0.0662509841723668,0.290754431717163,FALSE
"392","Child","Dad","Agreeableness","Extraversion","Full","Slope-Intercept",-0.00653733566735794,0.951341459709401,-0.216508857603117,0.203434186268401,FALSE
"393","Mom","Dad","Agreeableness","Extraversion","Full","Slope-Intercept",-0.0728678423971012,0.470112432761838,-0.270596088652835,0.124860403858633,FALSE
"394","Child","Mom","Agreeableness","Agreeableness","Full","Slope-Intercept",0.0173786399732103,0.843064075933773,-0.154670295474868,0.189427575421289,FALSE
"395","Child","Dad","Agreeableness","Agreeableness","Full","Slope-Intercept",-0.0478582627750679,0.688341078483666,-0.281712037451092,0.185995511900956,FALSE
"396","Mom","Dad","Agreeableness","Agreeableness","Full","Slope-Intercept",-0.0655017087921178,0.566433097995616,-0.289430162793687,0.158426745209452,FALSE
"397","Child","Mom","Agreeableness","Conscientiousness","Full","Slope-Intercept",-0.0125586280110959,0.891367728975273,-0.192786960022886,0.167669704000694,FALSE
"398","Child","Dad","Agreeableness","Conscientiousness","Full","Slope-Intercept",0.0450805833130099,0.695275835823694,-0.180487663174908,0.270648829800928,FALSE
"399","Mom","Dad","Agreeableness","Conscientiousness","Full","Slope-Intercept",0.0197417343559693,0.858999919449718,-0.198066658151215,0.237550126863153,FALSE
"400","Child","Mom","Agreeableness","Neuroticism","Full","Slope-Intercept",-0.0750387218248438,0.419055635872196,-0.25704632464712,0.106968880997432,FALSE
"401","Child","Dad","Agreeableness","Neuroticism","Full","Slope-Intercept",-0.0312301229030243,0.782543335262791,-0.253000231994731,0.190539986188682,FALSE
"402","Mom","Dad","Agreeableness","Neuroticism","Full","Slope-Intercept",0.100719251057701,0.358824454473261,-0.114412088999742,0.315850591115144,FALSE
"403","Child","Mom","Agreeableness","Opennesss","Full","Slope-Intercept",-0.126101562033694,0.17450303490064,-0.308117092529471,0.0559139684620824,FALSE
"404","Child","Dad","Agreeableness","Opennesss","Full","Slope-Intercept",-0.0549430994882641,0.642418266918613,-0.286865958128471,0.176979759151943,FALSE
"405","Mom","Dad","Agreeableness","Opennesss","Full","Slope-Intercept",0.00851272656751226,0.944494692848887,-0.231134047868573,0.248159501003597,FALSE
"406","Child","Mom","Conscientiousness","Extraversion","Full","Slope-Intercept",0.164916874929571,0.0422616909114459,0.00576294061909619,0.324070809240046,TRUE
"407","Child","Dad","Conscientiousness","Extraversion","Full","Slope-Intercept",-0.0241902342289387,0.799779625842002,-0.211122199496375,0.162741731038497,FALSE
"408","Mom","Dad","Conscientiousness","Extraversion","Full","Slope-Intercept",-0.133142734311565,0.139805150964324,-0.309879582865421,0.0435941142422913,FALSE
"409","Child","Mom","Conscientiousness","Agreeableness","Full","Slope-Intercept",0.00703955761979365,0.930329020145494,-0.150768284472348,0.164847399711936,FALSE
"410","Child","Dad","Conscientiousness","Agreeableness","Full","Slope-Intercept",-0.0845426896624735,0.390752894580601,-0.277610081655905,0.108524702330958,FALSE
"411","Mom","Dad","Conscientiousness","Agreeableness","Full","Slope-Intercept",-0.0330058179861388,0.763845963476284,-0.248328207585692,0.182316571613414,FALSE
"412","Child","Mom","Conscientiousness","Conscientiousness","Full","Slope-Intercept",0.0658093132656589,0.394088700884498,-0.0855400854192279,0.217158711950546,FALSE
"413","Child","Dad","Conscientiousness","Conscientiousness","Full","Slope-Intercept",-0.0219006552978998,0.80998628922165,-0.200422663696503,0.156621353100703,FALSE
"414","Mom","Dad","Conscientiousness","Conscientiousness","Full","Slope-Intercept",0.00264390632995545,0.97787973897478,-0.184247066695619,0.18953487935553,FALSE
"415","Child","Mom","Conscientiousness","Neuroticism","Full","Slope-Intercept",0.0215828860638839,0.779359127605489,-0.129411332395357,0.172577104523124,FALSE
"416","Child","Dad","Conscientiousness","Neuroticism","Full","Slope-Intercept",0.116827789711212,0.208691172558837,-0.0653097109329034,0.298965290355327,FALSE
"417","Mom","Dad","Conscientiousness","Neuroticism","Full","Slope-Intercept",0.0224561495666106,0.821698193491188,-0.172844635799134,0.217756934932355,FALSE
"418","Child","Mom","Conscientiousness","Opennesss","Full","Slope-Intercept",0.0217744783774667,0.785854584455209,-0.135301627885619,0.178850584640552,FALSE
"419","Child","Dad","Conscientiousness","Opennesss","Full","Slope-Intercept",-0.0823358327724395,0.355915049571913,-0.257140114767395,0.0924684492225162,FALSE
"420","Mom","Dad","Conscientiousness","Opennesss","Full","Slope-Intercept",-0.032994746651196,0.738412730914346,-0.226638542033927,0.160649048731535,FALSE
"421","Child","Mom","Neuroticism","Extraversion","Full","Slope-Intercept",0.098830427355329,0.224313466593223,-0.0605786931930675,0.258239547903726,FALSE
"422","Child","Dad","Neuroticism","Extraversion","Full","Slope-Intercept",-0.0934780794612068,0.322314810345935,-0.278596206895604,0.0916400479731901,FALSE
"423","Mom","Dad","Neuroticism","Extraversion","Full","Slope-Intercept",0.232368663799541,0.0102878111466744,0.0548808293155817,0.4098564982835,TRUE
"424","Child","Mom","Neuroticism","Agreeableness","Full","Slope-Intercept",0.0563058182902861,0.482186569295675,-0.100721687302521,0.213333323883093,FALSE
"425","Child","Dad","Neuroticism","Agreeableness","Full","Slope-Intercept",-0.0494325754298375,0.646691574901967,-0.260806616806296,0.161941465946621,FALSE
"426","Mom","Dad","Neuroticism","Agreeableness","Full","Slope-Intercept",0.210593113895499,0.0534182264269512,-0.00310074575735303,0.424286973548351,FALSE
"427","Child","Mom","Neuroticism","Conscientiousness","Full","Slope-Intercept",0.0840248474535546,0.315893386815782,-0.0801792839142708,0.24822897882138,FALSE
"428","Child","Dad","Neuroticism","Conscientiousness","Full","Slope-Intercept",-0.13336661005574,0.155566472434684,-0.317428367985187,0.0506951478737068,FALSE
"429","Mom","Dad","Neuroticism","Conscientiousness","Full","Slope-Intercept",0.254322421272348,0.0110543212638887,0.0581526804585016,0.450492162086195,TRUE
"430","Child","Mom","Neuroticism","Neuroticism","Full","Slope-Intercept",-0.0629116430014188,0.408685765119809,-0.21215307313086,0.0863297871280228,FALSE
"431","Child","Dad","Neuroticism","Neuroticism","Full","Slope-Intercept",-0.032554867648075,0.738464570060259,-0.22365635499465,0.1585466196985,FALSE
"432","Mom","Dad","Neuroticism","Neuroticism","Full","Slope-Intercept",-0.195632999049733,0.038535994663518,-0.380946532342113,-0.010319465757353,TRUE
"433","Child","Mom","Neuroticism","Opennesss","Full","Slope-Intercept",0.123573644990503,0.147927150228716,-0.043819553229392,0.290966843210399,FALSE
"434","Child","Dad","Neuroticism","Opennesss","Full","Slope-Intercept",-0.176640865379425,0.0982539574200585,-0.386036257327929,0.0327545265690795,FALSE
"435","Mom","Dad","Neuroticism","Opennesss","Full","Slope-Intercept",0.0442235327786276,0.673023854698045,-0.161170316325047,0.249617381882302,FALSE
"436","Child","Mom","Opennesss","Extraversion","Full","Slope-Intercept",0.198631799154554,0.00451547335919877,0.0615363430566364,0.335727255252472,TRUE
"437","Child","Dad","Opennesss","Extraversion","Full","Slope-Intercept",-0.0964878460788821,0.259719996406365,-0.264281794333422,0.0713061021756574,FALSE
"438","Mom","Dad","Opennesss","Extraversion","Full","Slope-Intercept",-0.0392614516215165,0.677356688862196,-0.224207499664117,0.145684596421084,FALSE
"439","Child","Mom","Opennesss","Agreeableness","Full","Slope-Intercept",0.143716304311407,0.0510117599061928,-0.000632136447470427,0.288064745070284,FALSE
"440","Child","Dad","Opennesss","Agreeableness","Full","Slope-Intercept",-0.0897176375976292,0.337412018263046,-0.27302310377417,0.0935878285789111,FALSE
"441","Mom","Dad","Opennesss","Agreeableness","Full","Slope-Intercept",-0.097676810149275,0.271694624345591,-0.271847603274536,0.0764939829759859,FALSE
"442","Child","Mom","Opennesss","Conscientiousness","Full","Slope-Intercept",0.13529490940788,0.0697528667746694,-0.0109258645273821,0.281515683343142,FALSE
"443","Child","Dad","Opennesss","Conscientiousness","Full","Slope-Intercept",0.0516370629576284,0.551795042205199,-0.11843766219737,0.221711788112627,FALSE
"444","Mom","Dad","Opennesss","Conscientiousness","Full","Slope-Intercept",-0.175823769217761,0.0493421164665353,-0.351141297604176,-0.000506240831346982,TRUE
"445","Child","Mom","Opennesss","Neuroticism","Full","Slope-Intercept",-0.10199980157269,0.187259837193809,-0.253597276874492,0.0495976737291129,FALSE
"446","Child","Dad","Opennesss","Neuroticism","Full","Slope-Intercept",0.0352120799225494,0.678035987675249,-0.131029740283619,0.201453900128718,FALSE
"447","Mom","Dad","Opennesss","Neuroticism","Full","Slope-Intercept",0.0937318094444727,0.27553887541798,-0.074749202358469,0.262212821247415,FALSE
"448","Child","Mom","Opennesss","Opennesss","Full","Slope-Intercept",0.150252983191906,0.0395570793416682,0.00718148003242625,0.293324486351386,TRUE
"449","Child","Dad","Opennesss","Opennesss","Full","Slope-Intercept",-0.122062567486316,0.184451323228573,-0.302324041067463,0.0581989060948299,FALSE
"450","Mom","Dad","Opennesss","Opennesss","Full","Slope-Intercept",0.0235513447857235,0.796384254049054,-0.155342207917111,0.202444897488558,FALSE
"451","Child","Mom","Extraversion","Extraversion","Overlap","Slope-Intercept",0.0311297576545944,0.653397212127791,-0.104742661311992,0.16700217662118,FALSE
"452","Child","Dad","Extraversion","Extraversion","Overlap","Slope-Intercept",0.0696889266665703,0.411566832780279,-0.096650400828783,0.236028254161924,FALSE
"453","Child","Mom","Extraversion","Agreeableness","Overlap","Slope-Intercept",0.0445176765935032,0.55007129731704,-0.101475065298589,0.190510418485596,FALSE
"454","Child","Dad","Extraversion","Agreeableness","Overlap","Slope-Intercept",0.010832895602535,0.911424767750313,-0.180031727530147,0.201697518735217,FALSE
"455","Child","Mom","Extraversion","Conscientiousness","Overlap","Slope-Intercept",-0.000277573507142086,0.996966363070264,-0.143365014376467,0.142809867362183,FALSE
"456","Child","Dad","Extraversion","Conscientiousness","Overlap","Slope-Intercept",0.19645603236818,0.0210089578543737,0.0296119233590696,0.36330014137729,TRUE
"457","Child","Mom","Extraversion","Neuroticism","Overlap","Slope-Intercept",-0.0385314826039768,0.558207390322826,-0.167514431916962,0.0904514667090083,FALSE
"458","Child","Dad","Extraversion","Neuroticism","Overlap","Slope-Intercept",-0.103224142503635,0.2263905323381,-0.270467324943409,0.0640190399361403,FALSE
"459","Child","Mom","Extraversion","Opennesss","Overlap","Slope-Intercept",-0.0508847020253285,0.498950938213505,-0.198386686544477,0.0966172824938198,FALSE
"460","Child","Dad","Extraversion","Opennesss","Overlap","Slope-Intercept",-0.0578320621756759,0.542637069145657,-0.244006762735333,0.128342638383981,FALSE
"461","Child","Mom","Agreeableness","Extraversion","Overlap","Slope-Intercept",0.0804563191570375,0.38047812571492,-0.0993483216194557,0.260260959933531,FALSE
"462","Child","Dad","Agreeableness","Extraversion","Overlap","Slope-Intercept",0.0268888900925053,0.811133260105208,-0.193651394309819,0.247429174494829,FALSE
"463","Child","Mom","Agreeableness","Agreeableness","Overlap","Slope-Intercept",0.0390016308750818,0.663394200466595,-0.136633045157243,0.214636306907407,FALSE
"464","Child","Dad","Agreeableness","Agreeableness","Overlap","Slope-Intercept",-0.0353766498046618,0.778759948002425,-0.282184134409743,0.211430834800419,FALSE
"465","Child","Mom","Agreeableness","Conscientiousness","Overlap","Slope-Intercept",0.000622136366332786,0.994778450368385,-0.185702906776934,0.1869471795096,FALSE
"466","Child","Dad","Agreeableness","Conscientiousness","Overlap","Slope-Intercept",0.0723629290199694,0.541836152592921,-0.160128432487694,0.304854290527632,FALSE
"467","Child","Mom","Agreeableness","Neuroticism","Overlap","Slope-Intercept",-0.111223009231661,0.239668299327802,-0.296620248607566,0.0741742301442437,FALSE
"468","Child","Dad","Agreeableness","Neuroticism","Overlap","Slope-Intercept",-0.043460020882832,0.71417617013654,-0.276031593263972,0.189111551498308,FALSE
"469","Child","Mom","Agreeableness","Opennesss","Overlap","Slope-Intercept",-0.152057962574102,0.114794478713324,-0.341041647293332,0.0369257221451282,FALSE
"470","Child","Dad","Agreeableness","Opennesss","Overlap","Slope-Intercept",-0.00752375420133767,0.952988726722608,-0.25765573653746,0.242608228134784,FALSE
"471","Child","Mom","Conscientiousness","Extraversion","Overlap","Slope-Intercept",0.166966932656916,0.0415461390273801,0.00639623441564574,0.327537630898186,TRUE
"472","Child","Dad","Conscientiousness","Extraversion","Overlap","Slope-Intercept",-0.0295066511534861,0.771028756876993,-0.228221810014009,0.169208507707037,FALSE
"473","Child","Mom","Conscientiousness","Agreeableness","Overlap","Slope-Intercept",0.0459560071890559,0.576842934585079,-0.115462946750713,0.207374961128825,FALSE
"474","Child","Dad","Conscientiousness","Agreeableness","Overlap","Slope-Intercept",-0.147854652506115,0.157199352051054,-0.352717688760049,0.0570083837478186,FALSE
"475","Child","Mom","Conscientiousness","Conscientiousness","Overlap","Slope-Intercept",0.070593054701781,0.367238834030151,-0.0828575007269764,0.224043610130538,FALSE
"476","Child","Dad","Conscientiousness","Conscientiousness","Overlap","Slope-Intercept",-0.032495597774433,0.733575146677537,-0.219614072092459,0.154622876543592,FALSE
"477","Child","Mom","Conscientiousness","Neuroticism","Overlap","Slope-Intercept",-0.0116165999488758,0.882463038831688,-0.165613802210532,0.142380602312781,FALSE
"478","Child","Dad","Conscientiousness","Neuroticism","Overlap","Slope-Intercept",0.148831302953954,0.136142854323876,-0.0469025212038111,0.344565127111719,FALSE
"479","Child","Mom","Conscientiousness","Opennesss","Overlap","Slope-Intercept",-0.00257550177934908,0.974919927007339,-0.163140054776289,0.157989051217591,FALSE
"480","Child","Dad","Conscientiousness","Opennesss","Overlap","Slope-Intercept",-0.120051610155274,0.197207381420105,-0.302516083155419,0.0624128628448703,FALSE
"481","Child","Mom","Neuroticism","Extraversion","Overlap","Slope-Intercept",0.0970725639089505,0.24110795190129,-0.0652334965487849,0.259378624366686,FALSE
"482","Child","Dad","Neuroticism","Extraversion","Overlap","Slope-Intercept",-0.128404559116033,0.206208438749,-0.327499761605249,0.070690643373183,FALSE
"483","Child","Mom","Neuroticism","Agreeableness","Overlap","Slope-Intercept",0.0357201332385035,0.661135940570688,-0.123994510134062,0.195434776611069,FALSE
"484","Child","Dad","Neuroticism","Agreeableness","Overlap","Slope-Intercept",-0.0629441215813444,0.589574978355584,-0.291635833214158,0.165747590051469,FALSE
"485","Child","Mom","Neuroticism","Conscientiousness","Overlap","Slope-Intercept",0.073130370248207,0.391871054439736,-0.0942697885721936,0.240530529068608,FALSE
"486","Child","Dad","Neuroticism","Conscientiousness","Overlap","Slope-Intercept",-0.149232407030285,0.134274264882964,-0.344556915126705,0.0460921010661349,FALSE
"487","Child","Mom","Neuroticism","Neuroticism","Overlap","Slope-Intercept",-0.0392257835864232,0.617667477228749,-0.193247138055594,0.114795570882748,FALSE
"488","Child","Dad","Neuroticism","Neuroticism","Overlap","Slope-Intercept",-0.0285810678685606,0.783303528606409,-0.232270136976766,0.175108001239645,FALSE
"489","Child","Mom","Neuroticism","Opennesss","Overlap","Slope-Intercept",0.126413173076539,0.140531786754163,-0.0416984980058388,0.294524844158918,FALSE
"490","Child","Dad","Neuroticism","Opennesss","Overlap","Slope-Intercept",-0.189745093362152,0.112264430551458,-0.423920697271012,0.0444305105467075,FALSE
"491","Child","Mom","Opennesss","Extraversion","Overlap","Slope-Intercept",0.177306160893114,0.0140618585977805,0.0357918800720236,0.318820441714205,TRUE
"492","Child","Dad","Opennesss","Extraversion","Overlap","Slope-Intercept",-0.109248141982523,0.217299342843574,-0.282803517620825,0.0643072336557783,FALSE
"493","Child","Mom","Opennesss","Agreeableness","Overlap","Slope-Intercept",0.17747553534401,0.0162829761048326,0.0326912829098797,0.322259787778141,TRUE
"494","Child","Dad","Opennesss","Agreeableness","Overlap","Slope-Intercept",-0.138555563228617,0.164295618658491,-0.333817320532447,0.0567061940752124,FALSE
"495","Child","Mom","Opennesss","Conscientiousness","Overlap","Slope-Intercept",0.132246345381444,0.082022566358303,-0.0167977827693682,0.281290473532257,FALSE
"496","Child","Dad","Opennesss","Conscientiousness","Overlap","Slope-Intercept",0.0598290869639359,0.503015467761768,-0.115254731853537,0.234912905781409,FALSE
"497","Child","Mom","Opennesss","Neuroticism","Overlap","Slope-Intercept",-0.116025319516026,0.138892154793165,-0.269685004625572,0.03763436559352,FALSE
"498","Child","Dad","Opennesss","Neuroticism","Overlap","Slope-Intercept",0.082661551831627,0.35052052555005,-0.0908786313112782,0.256201734974532,FALSE
"499","Child","Mom","Opennesss","Opennesss","Overlap","Slope-Intercept",0.115410828279279,0.1235044374978,-0.031451101377176,0.262272757935735,FALSE
"500","Child","Dad","Opennesss","Opennesss","Overlap","Slope-Intercept",-0.112739378654153,0.24477602748578,-0.302713653108381,0.0772348958000741,FALSE
